{"train": {"loss1": 0.1501877921265225, "active_triplets1": 65.69767441860465, "num_triplets": 253.8139534883721}, "val": {}, "_timestamp": 1702354419.0330667, "_runtime": 8095.106677770615, "_step": 59, "_wandb": {"runtime": 12800}}