{"train": {"loss1": 0.14956296027399774, "active_triplets1": 49.31395348837209, "num_triplets": 253.97674418604652}, "val": {}, "_timestamp": 1702367208.8271818, "_runtime": 7979.367052793503, "_step": 59, "_wandb": {"runtime": 12974}}