{"train": {"loss1": 0.2406587929713844, "total_loss": 1.1671411333544857, "active_triplets1": 4.253025302530253, "num_triplets": 8.0}, "val": {}, "_timestamp": 1702107190.2081017, "_runtime": 181.29359984397888, "_step": 0}