{"train": {"loss1": 0.15960179731576113, "final_loss": 0.13770079218449383}, "val": {}, "_timestamp": 1702467816.6854484, "_runtime": 8931.47040939331, "_step": 59, "_wandb": {"runtime": 14324}}