{"train": {"loss1": 0.1451379318649952, "final_loss": 0.11675334157278905}, "val": {}, "_timestamp": 1702442483.2916856, "_runtime": 9047.560712575912, "_step": 59, "_wandb": {"runtime": 14288}}