{"train": {"loss1": 0.15477630354627206, "final_loss": 0.1357395263918995}, "val": {}, "_timestamp": 1702460772.8659468, "_runtime": 8704.526767730713, "_step": 59, "_wandb": {"runtime": 14515}}