{"train": {"loss1": 0.16443165989905378, "final_loss": 0.1463140802607484}, "val": {}, "_timestamp": 1702728138.2477925, "_runtime": 10027.69731760025, "_step": 59, "_wandb": {"runtime": 16214}}