{"train": {"loss1": 0.1454573812831551, "final_loss": 0.11550695463033969}, "val": {}, "_timestamp": 1702683243.3389854, "_runtime": 8850.653297424316, "_step": 59, "_wandb": {"runtime": 14356}}