{"train": {"loss1": 0.15846143739066854, "final_loss": 0.1433675647407335}, "val": {}, "_timestamp": 1702496171.5016363, "_runtime": 8172.116010189056, "_step": 49, "_wandb": {"runtime": 13677}}