{"train": {"loss1": 0.16527433290968846, "final_loss": 0.14559408682432487}, "val": {}, "_timestamp": 1702355901.73973, "_runtime": 9104.611029863358, "_step": 59, "_wandb": {"runtime": 13851}}