{"train": {"loss1": 0.13109302236101567, "final_loss": 0.09397810282161793}, "val": {}, "_timestamp": 1702500924.2352378, "_runtime": 9231.96379995346, "_step": 59, "_wandb": {"runtime": 14931}}