{"train": {"loss1": 0.16004088466619923, "final_loss": 0.14001469692065768}, "val": {}, "_timestamp": 1702417507.7088044, "_runtime": 8167.706227302551, "_step": 59, "_wandb": {"runtime": 13495}}