{"train": {"loss1": 0.14887454708779815, "final_loss": 0.13519534595093152}, "val": {}, "_timestamp": 1702375600.9927557, "_runtime": 9250.940336704254, "_step": 59, "_wandb": {"runtime": 15090}}