{"train": {"loss1": 0.1624189126339272, "final_loss": 0.15186686919879738}, "val": {}, "_timestamp": 1702439656.154669, "_runtime": 8535.498679161072, "_step": 59, "_wandb": {"runtime": 14033}}