{"train": {"loss1": 0.1484931827026562, "final_loss": 0.14165772233892532}, "val": {}, "_timestamp": 1702878368.7789686, "_runtime": 11012.86843252182, "_step": 59, "_wandb": {"runtime": 16993}}