{"train": {"loss1": 0.162798469002447, "final_loss": 0.1371622651434728}, "val": {}, "_timestamp": 1702872093.1635242, "_runtime": 11549.338797092438, "_step": 49, "_wandb": {"runtime": 17167}}