{"train": {"loss1": 0.15025077627173491, "final_loss": 0.1235240210246827}, "val": {}, "_timestamp": 1702576905.6523185, "_runtime": 9704.595657587051, "_step": 59, "_wandb": {"runtime": 16171}}