{"train": {"loss1": 0.1539841958858671, "final_loss": 0.13595757279952947}, "val": {}, "_timestamp": 1702560587.73707, "_runtime": 18640.669166088104, "_step": 59, "_wandb": {"runtime": 25130}}