{"train": {"loss1": 0.15794720508865195, "final_loss": 0.13979890039802467}, "val": {}, "_timestamp": 1702479192.4350579, "_runtime": 8080.844547986984, "_step": 59, "_wandb": {"runtime": 14009}}