{"train": {"loss1": 0.15691375009117337, "final_loss": 0.14927701215620023}, "val": {}, "_timestamp": 1702355593.116767, "_runtime": 10501.385962963104, "_step": 59, "_wandb": {"runtime": 10500}}