{"train": {"loss1": 0.149481147960868, "active_triplets1": 49.627906976744185, "num_triplets": 253.88372093023256}, "val": {}, "_timestamp": 1702411984.184799, "_runtime": 6907.149317026138, "_step": 59, "_wandb": {"runtime": 11574}}