{"train": {"loss1": 0.1705283575358182, "final_loss": 0.15371162621100454}, "val": {}, "_timestamp": 1702369955.5761716, "_runtime": 9257.167204618454, "_step": 59, "_wandb": {"runtime": 14228}}