{"train": {"loss1": 0.15068955217887248, "final_loss": 0.12388052186995213}, "val": {}, "_timestamp": 1702699451.7229176, "_runtime": 7257.808930635452, "_step": 49, "_wandb": {"runtime": 12774}}