{"train": {"loss1": 0.1565866902144286, "final_loss": 0.13341762952125855}, "val": {}, "_timestamp": 1702510284.159992, "_runtime": 8566.009204864502, "_step": 59, "_wandb": {"runtime": 13759}}