{"train": {"loss1": 0.15177831902753475, "active_triplets1": 56.13953488372093, "num_triplets": 253.8139534883721}, "val": {}, "_timestamp": 1702383184.0038056, "_runtime": 6729.904975652695, "_step": 59, "_wandb": {"runtime": 11561}}