{"train": {"loss1": 0.15392428130781563, "final_loss": 0.1437111239146142}, "val": {}, "_timestamp": 1702366289.774641, "_runtime": 10494.998125076294, "_step": 59, "_wandb": {"runtime": 10493}}