{"train": {"loss1": 0.24788338662182524, "final_loss": 0.2422989480186505}, "val": {}, "_timestamp": 1702344765.2647705, "_runtime": 297.2211844921112, "_step": 0}