{"train": {"loss1": 0.1436459769623993, "final_loss": 0.12758402458398882}, "val": {}, "_timestamp": 1702911730.6144032, "_runtime": 27260.139290332794, "_step": 59, "_wandb": {"runtime": 41659}}