{"train": {"loss1": 0.1550263395655329, "final_loss": 0.13513281466915225}, "val": {}, "_timestamp": 1702533512.5290697, "_runtime": 8982.463472604752, "_step": 59, "_wandb": {"runtime": 14721}}