{"train": {"loss1": 0.16219307199446825, "final_loss": 0.13786335406403472}, "val": {}, "_timestamp": 1702902303.5307143, "_runtime": 21522.814365386963, "_step": 49, "_wandb": {"runtime": 28964}}