{"train": {"loss1": 0.15714812096814776, "final_loss": 0.13909557505055917}, "val": {}, "_timestamp": 1702178179.1075401, "_runtime": 8506.862129211426, "_step": 49, "_wandb": {"runtime": 14301}}