{"train": {"loss1": 0.16290300578749092, "final_loss": 0.1409638275521515}, "val": {}, "_timestamp": 1702270595.5690517, "_runtime": 7545.4025247097015, "_step": 49, "_wandb": {"runtime": 13145}}