{"train": {"loss1": 0.15733281474043853, "final_loss": 0.13072533976205075}, "val": {}, "_timestamp": 1702712646.7568016, "_runtime": 7506.122230529785, "_step": 49, "_wandb": {"runtime": 12774}}