{"train": {"loss1": 0.12452264637328112, "final_loss": 0.08766831462390912}, "val": {}, "_timestamp": 1702402866.0556474, "_runtime": 10805.8921854496, "_step": 59, "_wandb": {"runtime": 16285}}