{"train": {"loss1": 0.1593249846984, "final_loss": 0.14529846698372034}, "val": {}, "_timestamp": 1702519047.1877205, "_runtime": 9302.539709568024, "_step": 59, "_wandb": {"runtime": 14624}}