{"train": {"loss1": 0.15376379315096597, "final_loss": 0.12668586502759122}, "val": {}, "_timestamp": 1702463861.9998868, "_runtime": 7565.204268693924, "_step": 49, "_wandb": {"runtime": 12720}}