{"train": {"loss1": 0.15723947810865666, "final_loss": 0.13777339662404825}, "val": {}, "_timestamp": 1702553142.1398084, "_runtime": 14623.668519496918, "_step": 49, "_wandb": {"runtime": 21807}}